page,source_layer,parse_note,player,handedness,team,pitcher,game,weak_slots,lineup_slot,pull_pct,sweet_spot_pct,barrel_pct,hard_hit_pct,dmg,hr_pa,hpi,pitch_edge,hr_alert,tags,effort,_metric_count,ingestion_confidence,needs_recovery
1,startool_sequential_parser,rank_player_card_block,JJ Wetherholt,L,St. Louis Cardinals,Chris Paddack,St. Louis Cardinals vs Chris Paddack,,8.0,23.0,30.3,7.0135,20.0,1.079,2.9,36.0,10.0,True,"Platoon, Rakes RHP, Weak Slot, ALERT",25.0,8,1.0,False
2,startool_sequential_parser,rank_player_card_block,Iván Herrera,R,St. Louis Cardinals,Chris Paddack,St. Louis Cardinals vs Chris Paddack,,,19.0,17.1,9.1325,28.6,1.405,3.0,46.0,5.0,True,ALERT,25.0,8,1.0,False
2,startool_sequential_parser,rank_player_card_block,Alec Burleson,L,St. Louis Cardinals,Chris Paddack,St. Louis Cardinals vs Chris Paddack,,6.0,20.0,21.9,10.3675,34.85,1.595,3.2,41.0,8.0,True,"Platoon, Rakes RHP, Weak Slot, ALERT",33.0,8,1.0,False
2,startool_sequential_parser,rank_player_card_block,Jordan Walker,R,St. Louis Cardinals,Chris Paddack,St. Louis Cardinals vs Chris Paddack,,2.0,33.0,14.3,12.3695,25.0,1.903,4.8,61.0,7.0,True,"Laser, ALERT",37.0,8,1.0,False
3,startool_sequential_parser,rank_player_card_block,Masyn Winn,R,St. Louis Cardinals,Chris Paddack,St. Louis Cardinals vs Chris Paddack,,,25.0,25.0,6.1945,0.0,0.953,0.0,27.0,-14.0,False,WARM,11.0,8,1.0,False
3,startool_sequential_parser,rank_player_card_block,Yohel Pozo,R,St. Louis Cardinals,Chris Paddack,St. Louis Cardinals vs Chris Paddack,,,3.0,31.6,10.075000000000001,0.0,1.55,0.0,28.0,33.0,False,"Weak Slot, COLD",,8,1.0,False
3,startool_sequential_parser,rank_player_card_block,Pedro Pagés,R,St. Louis Cardinals,Chris Paddack,St. Louis Cardinals vs Chris Paddack,,,24.0,11.1,7.202000000000001,18.2,1.108,3.4,29.0,-14.0,False,"Platoon, Rakes RHP, HOT",24.0,8,1.0,False
4,startool_sequential_parser,rank_player_card_block,TJ Friedl,L,Cincinnati Reds,Andre Pallante,Cincinnati Reds vs Andre Pallante,,,23.0,34.3,5.629,25.0,0.866,1.8,25.0,-22.0,False,"Platoon, WARM",19.0,8,1.0,False
4,startool_sequential_parser,rank_player_card_block,Elly De La Cruz,,Cincinnati Reds,Andre Pallante,Cincinnati Reds vs Andre Pallante,,8.0,21.0,23.3,9.464,6.7,1.456,1.5,49.0,16.0,True,"Rakes RHP, Laser, ALERT",40.0,8,1.0,False
4,startool_sequential_parser,rank_player_card_block,Sal Stewart,R,Cincinnati Reds,Andre Pallante,Cincinnati Reds vs Andre Pallante,,6.0,21.0,18.900000000000002,9.4055,25.0,1.447,4.5,39.0,48.0,True,ALERT,,8,1.0,False
5,startool_sequential_parser,rank_player_card_block,JJ Bleday,L,Cincinnati Reds,Andre Pallante,Cincinnati Reds vs Andre Pallante,,2.0,21.0,22.9,11.843,45.05,1.822,4.5,53.0,33.0,True,"Platoon, Weak Slot, ALERT",35.0,8,1.0,False
5,startool_sequential_parser,rank_player_card_block,Nathaniel Lowe,L,Cincinnati Reds,Andre Pallante,Cincinnati Reds vs Andre Pallante,,,19.0,28.6,10.4065,20.0,1.601,1.8,44.0,-13.0,False,"Platoon, Weak Slot, Laser, HOT",45.0,8,1.0,False
5,startool_sequential_parser,rank_player_card_block,Spencer Steer,R,Cincinnati Reds,Andre Pallante,Cincinnati Reds vs Andre Pallante,,,27.0,28.2,8.4305,28.9,1.297,3.0,34.0,6.0,True,"Weak Slot, ALERT",27.0,8,1.0,False
6,startool_sequential_parser,rank_player_card_block,Matt McLain,R,Cincinnati Reds,Andre Pallante,Cincinnati Reds vs Andre Pallante,,4.0,23.0,20.7,8.58,26.349999999999998,1.32,4.8,31.0,-9.0,True,ALERT,18.0,8,1.0,False
7,startool_sequential_parser,rank_player_card_block,JJ Wetherholt,L,St. Louis Cardinals,Chase Petty,St. Louis Cardinals vs Chase Petty,,8.0,23.0,30.3,7.0135,20.0,1.079,2.9,37.0,16.0,True,"Platoon, Rakes RHP, ALERT",25.0,8,1.0,False
7,startool_sequential_parser,rank_player_card_block,Iván Herrera,R,St. Louis Cardinals,Chase Petty,St. Louis Cardinals vs Chase Petty,,,27.0,24.3,9.1325,28.6,1.405,3.0,47.0,42.0,True,ALERT,25.0,8,1.0,False
7,startool_sequential_parser,rank_player_card_block,Alec Burleson,L,St. Louis Cardinals,Chase Petty,St. Louis Cardinals vs Chase Petty,,6.0,18.0,21.9,10.3675,35.699999999999996,1.595,3.2,42.0,23.0,True,"Platoon, Rakes RHP, Weak Slot, ALERT",33.0,8,1.0,False
8,startool_sequential_parser,rank_player_card_block,Nolan Gorman,L,St. Louis Cardinals,Chase Petty,St. Louis Cardinals vs Chase Petty,,4.0,37.0,40.0,6.279,31.45,0.966,1.8,37.0,-45.0,True,"Platoon, Weak Slot, ALERT",24.0,8,1.0,False
8,startool_sequential_parser,rank_player_card_block,Masyn Winn,R,St. Louis Cardinals,Chase Petty,St. Louis Cardinals vs Chase Petty,,,21.0,25.0,6.1945,0.0,0.953,0.0,28.0,3.0,False,WARM,11.0,8,1.0,False
9,startool_sequential_parser,rank_player_card_block,Victor Scott II,L,St. Louis Cardinals,Chase Petty,St. Louis Cardinals vs Chase Petty,,,26.0,28.6,5.6095,25.0,0.863,2.4,23.0,-45.0,False,"Platoon, WARM",22.0,8,1.0,False
9,startool_sequential_parser,rank_player_card_block,TJ Friedl,L,Cincinnati Reds,Kyle Leahy,Cincinnati Reds vs Kyle Leahy,,,24.0,34.3,5.629,25.0,0.866,1.8,27.0,-22.0,False,"Platoon, WARM",19.0,8,1.0,False
10,startool_sequential_parser,rank_player_card_block,Sal Stewart,R,Cincinnati Reds,Kyle Leahy,Cincinnati Reds vs Kyle Leahy,,6.0,22.0,19.8,9.4055,25.0,1.447,4.5,40.0,48.0,True,ALERT,26.0,8,1.0,False
10,startool_sequential_parser,rank_player_card_block,JJ Bleday,L,Cincinnati Reds,Kyle Leahy,Cincinnati Reds vs Kyle Leahy,,2.0,24.0,22.9,11.843,45.9,1.822,4.5,54.0,33.0,True,"Platoon, ALERT",35.0,8,1.0,False
10,startool_sequential_parser,rank_player_card_block,Nathaniel Lowe,L,Cincinnati Reds,Kyle Leahy,Cincinnati Reds vs Kyle Leahy,,,25.0,28.6,10.4065,20.0,1.601,1.8,45.0,-13.0,False,"Platoon, Laser, HOT",45.0,8,1.0,False
11,startool_sequential_parser,rank_player_card_block,Tyler Stephenson,R,Cincinnati Reds,Kyle Leahy,Cincinnati Reds vs Kyle Leahy,,,18.0,18.8,5.2844999999999995,27.2,0.813,1.8,32.0,-19.0,False,"Weak Slot, HOT",26.0,8,1.0,False
11,startool_sequential_parser,rank_player_card_block,Matt McLain,R,Cincinnati Reds,Kyle Leahy,Cincinnati Reds vs Kyle Leahy,,4.0,21.0,18.900000000000002,8.58,28.05,1.32,4.8,33.0,-9.0,True,"Weak Slot, ALERT",18.0,8,1.0,False
12,startool_sequential_parser,rank_player_card_block,Chandler Simpson,L,Tampa Bay Rays,Ryan Weathers,Tampa Bay Rays vs Ryan Weathers,,7.0,11.0,15.0,6.343999999999999,0.0,0.976,0.0,20.0,-23.0,False,COLD,14.0,8,1.0,False
12,startool_sequential_parser,rank_player_card_block,Junior Caminero,R,Tampa Bay Rays,Ryan Weathers,Tampa Bay Rays vs Ryan Weathers,,1.0,20.0,29.4,9.854,33.3,1.516,5.7,64.0,30.0,True,"Platoon, Weak Slot, Laser, ALERT",33.0,8,1.0,False
13,startool_sequential_parser,rank_player_card_block,Yandy Díaz,R,Tampa Bay Rays,Ryan Weathers,Tampa Bay Rays vs Ryan Weathers,,4.0,10.0,18.8,8.7815,23.1,1.351,4.5,44.0,3.0,True,"Platoon, Laser, ALERT",26.0,8,1.0,False
13,startool_sequential_parser,rank_player_card_block,Jonny DeLuca,R,Tampa Bay Rays,Ryan Weathers,Tampa Bay Rays vs Ryan Weathers,,6.0,23.0,25.0,6.838,0.0,1.052,0.0,37.0,-15.0,False,"Platoon, COLD",11.0,8,1.0,False
13,startool_sequential_parser,rank_player_card_block,Richie Palacios,L,Tampa Bay Rays,Ryan Weathers,Tampa Bay Rays vs Ryan Weathers,,9.0,13.0,24.2,5.531499999999999,0.0,0.851,0.0,27.0,8.0,False,"Weak Slot, WARM",41.0,8,1.0,False
14,startool_sequential_parser,rank_player_card_block,Nick Fortes,R,Tampa Bay Rays,Ryan Weathers,Tampa Bay Rays vs Ryan Weathers,,3.0,17.0,15.8,4.823,0.0,0.742,0.0,34.0,2.0,False,"Platoon, Weak Slot, WARM",33.0,8,1.0,False
14,startool_sequential_parser,rank_player_card_block,Taylor Walls,,Tampa Bay Rays,Ryan Weathers,Tampa Bay Rays vs Ryan Weathers,,8.0,23.0,21.1,6.604,0.0,1.016,0.0,19.0,1.0,False,HOT,13.0,8,1.0,False
14,startool_sequential_parser,rank_player_card_block,Trent Grisham,L,New York Yankees,Drew Rasmussen,New York Yankees vs Drew Rasmussen,,4.0,15.0,16.7,7.331999999999999,28.9,1.128,1.8,34.0,12.0,True,"Platoon, ALERT",,8,1.0,False
15,startool_sequential_parser,rank_player_card_block,Ben Rice,L,New York Yankees,Drew Rasmussen,New York Yankees vs Drew Rasmussen,,1.0,14.0,25.8,11.290500000000002,38.5,1.737,7.8,41.0,5.0,True,"Platoon, Rakes RHP, ALERT",37.0,8,1.0,False
15,startool_sequential_parser,rank_player_card_block,Aaron Judge,R,New York Yankees,Drew Rasmussen,New York Yankees vs Drew Rasmussen,,7.0,30.0,20.0,5.148000000000001,45.05,0.792,1.5,53.0,29.0,False,"Weak Slot, Laser, WARM",34.0,8,1.0,False
15,startool_sequential_parser,rank_player_card_block,Cody Bellinger,L,New York Yankees,Drew Rasmussen,New York Yankees vs Drew Rasmussen,,2.0,12.0,18.5,8.9895,26.349999999999998,1.383,1.5,31.0,32.0,False,"Platoon, HOT",26.0,8,1.0,False
16,startool_sequential_parser,rank_player_card_block,Ryan McMahon,L,New York Yankees,Drew Rasmussen,New York Yankees vs Drew Rasmussen,,3.0,28.0,25.2,6.513,35.699999999999996,1.002,3.8,42.0,11.0,False,"Platoon, HOT",32.0,8,1.0,False
16,startool_sequential_parser,rank_player_card_block,José Caballero,R,New York Yankees,Drew Rasmussen,New York Yankees vs Drew Rasmussen,,8.0,14.0,12.1,6.5455,25.0,1.007,1.9,23.0,-55.0,False,"Weak Slot, WARM",7.0,8,1.0,False
17,startool_sequential_parser,rank_player_card_block,Jeremy Peña,R,Houston Astros,Colin Rea,Houston Astros vs Colin Rea,,9.0,21.0,21.7,4.615,0.0,0.71,0.0,29.0,8.0,False,"Platoon, Laser, COLD",38.0,8,1.0,False
18,startool_sequential_parser,rank_player_card_block,Isaac Paredes,R,Houston Astros,Colin Rea,Houston Astros vs Colin Rea,,5.0,15.0,22.2,6.175,25.0,0.95,3.3,25.0,-6.0,True,"Weak Slot, ALERT",10.0,8,1.0,False
18,startool_sequential_parser,rank_player_card_block,Christian Walker,R,Houston Astros,Colin Rea,Houston Astros vs Colin Rea,,6.0,26.0,23.400000000000002,5.148000000000001,18.2,0.792,3.3,45.0,15.0,True,"Weak Slot, ALERT",32.0,8,1.0,False
18,startool_sequential_parser,rank_player_card_block,Cam Smith,R,Houston Astros,Colin Rea,Houston Astros vs Colin Rea,,8.0,29.0,26.1,3.0,0.0,0.43,0.0,52.0,12.0,False,WARM,22.0,8,1.0,False
19,startool_sequential_parser,rank_player_card_block,Zach Cole,L,Houston Astros,Colin Rea,Houston Astros vs Colin Rea,,2.0,47.0,12.5,7.539999999999999,25.0,1.16,4.5,52.0,-2.0,False,"Platoon, Weak Slot, HOT",,8,1.0,False
19,startool_sequential_parser,rank_player_card_block,Braden Shewmake,L,Houston Astros,Colin Rea,Houston Astros vs Colin Rea,,4.0,19.0,21.2,10.478000000000002,22.2,1.612,4.2,23.0,3.0,False,"Platoon, COLD",38.0,8,1.0,False
19,startool_sequential_parser,rank_player_card_block,Christian Vázquez,R,Houston Astros,Colin Rea,Houston Astros vs Colin Rea,,3.0,22.0,26.7,6.0255,25.0,0.927,4.5,24.0,8.0,False,HOT,,8,1.0,False
20,startool_sequential_parser,rank_player_card_block,Nico Hoerner,R,Houston Astros,Colin Rea,Houston Astros vs Colin Rea,,9.0,6.0,22.0,5.226,0.0,0.804,0.0,26.0,101.0,False,"Weak Slot, COLD",13.0,8,1.0,False
20,startool_sequential_parser,rank_player_card_block,Moisés Ballesteros,L,Houston Astros,Colin Rea,Houston Astros vs Colin Rea,,4.0,28.0,29.4,3.38,35.699999999999996,0.52,2.0,42.0,-4.0,False,"Platoon, WARM",35.0,8,1.0,False
20,startool_sequential_parser,rank_player_card_block,Alex Bregman,R,Houston Astros,Colin Rea,Houston Astros vs Colin Rea,,5.0,21.0,38.2,9.776,25.5,1.504,1.5,30.0,6.0,False,"Rakes RHP, Weak Slot, HOT",24.0,8,1.0,False
21,startool_sequential_parser,rank_player_card_block,Seiya Suzuki,R,Houston Astros,Colin Rea,Houston Astros vs Colin Rea,,6.0,27.0,14.3,5.057,32.3,0.778,1.5,38.0,9.0,False,"Weak Slot, WARM",18.0,8,1.0,False
21,startool_sequential_parser,rank_player_card_block,Michael Busch,L,Houston Astros,Colin Rea,Houston Astros vs Colin Rea,,2.0,31.0,26.9,8.5475,25.0,1.315,1.5,29.0,18.0,True,"Platoon, Rakes RHP, ALERT",18.0,8,1.0,False
21,startool_sequential_parser,rank_player_card_block,Carson Kelly,R,Houston Astros,Colin Rea,Houston Astros vs Colin Rea,,8.0,17.0,20.0,5.5055,0.0,0.847,0.0,33.0,-9.0,False,WARM,28.0,8,1.0,False
22,startool_sequential_parser,rank_player_card_block,Pete Crow-Armstrong,L,Houston Astros,Colin Rea,Houston Astros vs Colin Rea,,3.0,31.0,13.0,8.398,35.699999999999996,1.292,5.1,42.0,-2.0,False,"Platoon, HOT",27.0,8,1.0,False
22,startool_sequential_parser,rank_player_card_block,Dansby Swanson,R,Houston Astros,Colin Rea,Houston Astros vs Colin Rea,,7.0,21.0,11.1,5.265000000000001,25.0,0.81,1.7,29.0,36.0,False,"Rakes RHP, HOT",29.0,8,1.0,False
23,startool_sequential_parser,rank_player_card_block,Brandon Lowe,L,Pittsburgh Pirates,Patrick Corbin,Pittsburgh Pirates vs Patrick Corbin,,1.0,26.0,25.0,15.158,26.3,2.332,7.5,44.0,-24.0,True,"Weak Slot, Laser, ALERT",26.0,8,1.0,False
23,startool_sequential_parser,rank_player_card_block,Bryan Reynolds,,Pittsburgh Pirates,Patrick Corbin,Pittsburgh Pirates vs Patrick Corbin,,9.0,22.0,10.5,9.3925,0.0,1.445,0.0,39.0,19.0,False,"Eats LHP, WARM",25.0,8,1.0,False
23,startool_sequential_parser,rank_player_card_block,Marcell Ozuna,R,Pittsburgh Pirates,Patrick Corbin,Pittsburgh Pirates vs Patrick Corbin,,3.0,30.0,27.0,10.92,20.0,1.68,4.3,39.0,-20.0,False,"Platoon, HOT",24.0,8,1.0,False
24,startool_sequential_parser,rank_player_card_block,Nick Gonzales,R,Pittsburgh Pirates,Patrick Corbin,Pittsburgh Pirates vs Patrick Corbin,,7.0,18.0,20.0,10.66,0.0,1.64,0.0,31.0,1.0,False,"Platoon, Weak Slot, WARM",10.0,8,1.0,False
24,startool_sequential_parser,rank_player_card_block,Konnor Griffin,R,Pittsburgh Pirates,Patrick Corbin,Pittsburgh Pirates vs Patrick Corbin,,4.0,33.0,25.0,11.726,25.0,1.804,1.5,46.0,18.0,False,"Platoon, Eats LHP, Laser, WARM",19.0,8,1.0,False
24,startool_sequential_parser,rank_player_card_block,Spencer Horwitz,L,Pittsburgh Pirates,Patrick Corbin,Pittsburgh Pirates vs Patrick Corbin,,5.0,12.0,23.1,6.506499999999999,25.0,1.001,1.8,28.0,3.0,False,HOT,13.0,8,1.0,False
24,startool_sequential_parser,rank_player_card_block,Jared Triolo,R,Pittsburgh Pirates,Patrick Corbin,Pittsburgh Pirates vs Patrick Corbin,,8.0,14.0,30.0,6.818499999999999,0.0,1.049,0.0,28.0,18.0,False,"Platoon, Weak Slot, COLD",,8,1.0,False
25,startool_sequential_parser,rank_player_card_block,Henry Davis,R,Pittsburgh Pirates,Patrick Corbin,Pittsburgh Pirates vs Patrick Corbin,,2.0,17.0,18.2,6.4025,33.3,0.985,5.4,46.0,10.0,True,"Platoon, ALERT",42.0,8,1.0,False
25,startool_sequential_parser,rank_player_card_block,George Springer,R,Pittsburgh Pirates,Patrick Corbin,Pittsburgh Pirates vs Patrick Corbin,,5.0,24.0,12.1,7.6049999999999995,20.0,1.17,3.0,33.0,7.0,False,"Weak Slot, HOT",12.0,8,1.0,False
25,startool_sequential_parser,rank_player_card_block,Vladimir Guerrero Jr.,R,Pittsburgh Pirates,Patrick Corbin,Pittsburgh Pirates vs Patrick Corbin,,7.0,19.0,26.8,5.5965,43.35,0.861,1.5,51.0,15.0,False,"Platoon, Rakes RHP, Weak Slot, WARM",31.0,8,1.0,False
26,startool_sequential_parser,rank_player_card_block,Kazuma Okamoto,R,Pittsburgh Pirates,Patrick Corbin,Pittsburgh Pirates vs Patrick Corbin,,6.0,29.0,33.3,5.9345,34.85,0.913,1.6,41.0,29.0,False,"Weak Slot, WARM",36.0,8,1.0,False
26,startool_sequential_parser,rank_player_card_block,Ernie Clement,R,Pittsburgh Pirates,Patrick Corbin,Pittsburgh Pirates vs Patrick Corbin,,2.0,14.0,16.7,9.269,25.0,1.426,3.7,23.0,15.0,True,ALERT,14.0,8,1.0,False
27,startool_sequential_parser,rank_player_card_block,Andrés Giménez,L,Pittsburgh Pirates,Patrick Corbin,Pittsburgh Pirates vs Patrick Corbin,,4.0,22.0,19.8,5.434,33.3,0.836,4.2,20.0,-1.0,False,"Platoon, COLD",9.0,8,1.0,False
27,startool_sequential_parser,rank_player_card_block,Brandon Valenzuela,,Pittsburgh Pirates,Patrick Corbin,Pittsburgh Pirates vs Patrick Corbin,,3.0,27.0,42.9,17.121,40.0,2.634,3.9,33.0,-30.0,False,COLD,,8,1.0,False
28,startool_sequential_parser,rank_player_card_block,Kevin McGonigle,L,Detroit Tigers,Brandon Young,Detroit Tigers vs Brandon Young,,5.0,10.0,16.7,7.676500000000001,6.7,1.181,1.5,36.0,9.0,False,"Platoon, HOT",21.0,8,1.0,False
28,startool_sequential_parser,rank_player_card_block,Matt Vierling,R,Detroit Tigers,Brandon Young,Detroit Tigers vs Brandon Young,,3.0,17.0,25.0,11.0825,21.4,1.705,4.6,29.0,-16.0,True,"Weak Slot, ALERT",13.0,8,1.0,False
28,startool_sequential_parser,rank_player_card_block,Colt Keith,L,Detroit Tigers,Brandon Young,Detroit Tigers vs Brandon Young,,8.0,28.0,22.2,3.4450000000000003,0.0,0.53,0.0,35.0,-14.0,False,"Platoon, COLD",29.0,8,1.0,False
29,startool_sequential_parser,rank_player_card_block,Dillon Dingler,R,Detroit Tigers,Brandon Young,Detroit Tigers vs Brandon Young,,1.0,20.0,20.7,8.040500000000002,23.1,1.237,4.7,37.0,10.0,True,"Weak Slot, ALERT",25.0,8,1.0,False
29,startool_sequential_parser,rank_player_card_block,Wenceel Pérez,,Detroit Tigers,Brandon Young,Detroit Tigers vs Brandon Young,,7.0,13.0,18.5,3.6335,0.0,0.559,0.0,31.0,-40.0,False,COLD,27.0,8,1.0,False
29,startool_sequential_parser,rank_player_card_block,Spencer Torkelson,R,Detroit Tigers,Brandon Young,Detroit Tigers vs Brandon Young,,6.0,27.0,30.8,7.917,28.9,1.218,1.8,34.0,13.0,False,WARM,25.0,8,1.0,False
30,startool_sequential_parser,rank_player_card_block,Zack Short,R,Detroit Tigers,Brandon Young,Detroit Tigers vs Brandon Young,,9.0,19.0,20.0,3.0,0.0,0.142,0.0,24.0,19.0,False,COLD,,8,1.0,False
30,startool_sequential_parser,rank_player_card_block,Gunnar Henderson,L,Baltimore Orioles,Framber Valdez,Baltimore Orioles vs Framber Valdez,,7.0,22.0,16.7,10.1985,34.85,1.569,1.5,41.0,1.0,True,"Laser, ALERT",24.0,8,1.0,False
30,startool_sequential_parser,rank_player_card_block,Taylor Ward,R,Baltimore Orioles,Framber Valdez,Baltimore Orioles vs Framber Valdez,,6.0,9.0,36.4,5.135,25.5,0.79,1.5,30.0,5.0,False,"Platoon, Weak Slot, WARM",22.0,8,1.0,False
31,startool_sequential_parser,rank_player_card_block,Adley Rutschman,,Baltimore Orioles,Framber Valdez,Baltimore Orioles vs Framber Valdez,,3.0,17.0,15.3,10.9395,21.4,1.683,4.7,36.0,-1.0,True,"Eats LHP, ALERT",39.0,8,1.0,False
31,startool_sequential_parser,rank_player_card_block,Pete Alonso,R,Baltimore Orioles,Framber Valdez,Baltimore Orioles vs Framber Valdez,,4.0,27.0,29.4,11.394499999999999,28.6,1.753,6.3,46.0,-4.0,True,"Platoon, Weak Slot, ALERT",40.0,8,1.0,False
31,startool_sequential_parser,rank_player_card_block,Samuel Basallo,L,Baltimore Orioles,Framber Valdez,Baltimore Orioles vs Framber Valdez,,2.0,24.0,26.3,14.0205,25.0,2.157,3.6,49.0,43.0,True,ALERT,40.0,8,1.0,False
32,startool_sequential_parser,rank_player_card_block,Colton Cowser,L,Baltimore Orioles,Framber Valdez,Baltimore Orioles vs Framber Valdez,,8.0,40.0,26.3,3.8545,33.15,0.593,2.6,39.0,11.0,False,WARM,49.0,8,1.0,False
32,startool_sequential_parser,rank_player_card_block,Coby Mayo,R,Baltimore Orioles,Framber Valdez,Baltimore Orioles vs Framber Valdez,,1.0,30.0,18.2,8.8985,22.2,1.369,3.8,43.0,-15.0,True,"Platoon, Eats LHP, Laser, ALERT",48.0,8,1.0,False
32,startool_sequential_parser,rank_player_card_block,Blaze Alexander,R,Baltimore Orioles,Framber Valdez,Baltimore Orioles vs Framber Valdez,,5.0,20.0,18.0,9.249500000000001,0.0,1.423,0.0,36.0,-35.0,False,"Platoon, Eats LHP, WARM",52.0,8,1.0,False
33,startool_sequential_parser,rank_player_card_block,Steven Kwan,L,Baltimore Orioles,Framber Valdez,Baltimore Orioles vs Framber Valdez,,9.0,10.0,28.6,4.1145,0.0,0.633,0.0,20.0,-4.0,False,"Platoon, COLD",13.0,8,1.0,False
33,startool_sequential_parser,rank_player_card_block,Chase DeLauter,L,Baltimore Orioles,Framber Valdez,Baltimore Orioles vs Framber Valdez,,7.0,10.0,14.7,5.772,31.45,0.888,1.5,37.0,8.0,False,"Platoon, HOT",29.0,8,1.0,False
33,startool_sequential_parser,rank_player_card_block,José Ramírez,,Baltimore Orioles,Framber Valdez,Baltimore Orioles vs Framber Valdez,,3.0,13.0,41.4,10.387,28.6,1.598,2.9,33.0,20.0,False,Weak Slot,,8,1.0,False
34,startool_sequential_parser,rank_player_card_block,Kyle Manzardo,L,Baltimore Orioles,Framber Valdez,Baltimore Orioles vs Framber Valdez,,1.0,27.0,32.1,13.91,25.0,2.14,6.0,30.0,4.0,True,"Platoon, Weak Slot, ALERT",20.0,8,1.0,False
34,startool_sequential_parser,rank_player_card_block,Travis Bazzana,L,Baltimore Orioles,Framber Valdez,Baltimore Orioles vs Framber Valdez,,2.0,15.0,33.3,9.8865,25.5,1.521,3.2,30.0,-3.0,False,"Platoon, WARM",27.0,8,1.0,False
34,startool_sequential_parser,rank_player_card_block,Daniel Schneemann,L,Baltimore Orioles,Framber Valdez,Baltimore Orioles vs Framber Valdez,,8.0,23.0,25.8,3.965,0.0,0.61,0.0,31.0,15.0,False,"Platoon, Rakes RHP, Weak Slot, WARM",17.0,8,1.0,False
35,startool_sequential_parser,rank_player_card_block,Austin Hedges,R,Baltimore Orioles,Framber Valdez,Baltimore Orioles vs Framber Valdez,,6.0,23.0,16.7,11.4985,33.3,1.769,2.1,27.0,7.0,False,COLD,89.0,8,1.0,False
35,startool_sequential_parser,rank_player_card_block,Brayan Rocchio,,Baltimore Orioles,Framber Valdez,Baltimore Orioles vs Framber Valdez,,5.0,18.0,38.5,10.887500000000001,25.0,1.675,1.8,29.0,26.0,False,"Rakes RHP, HOT",9.0,8,1.0,False
35,startool_sequential_parser,rank_player_card_block,Trea Turner,R,Philadelphia Phillies,Slade Cecconi,Philadelphia Phillies vs Slade Cecconi,,5.0,19.0,22.6,10.815999999999999,25.5,1.664,1.5,30.0,19.0,False,HOT,28.0,8,1.0,False
36,startool_sequential_parser,rank_player_card_block,Kyle Schwarber,L,Philadelphia Phillies,Slade Cecconi,Philadelphia Phillies vs Slade Cecconi,,2.0,28.0,28.6,17.231499999999997,64.3,2.651,12.9,57.0,35.0,True,"Platoon, Laser, ALERT",33.0,8,1.0,False
36,startool_sequential_parser,rank_player_card_block,Bryce Harper,L,Philadelphia Phillies,Slade Cecconi,Philadelphia Phillies vs Slade Cecconi,,1.0,19.0,41.4,11.381499999999999,62.5,1.751,7.8,46.0,18.0,True,"Platoon, Rakes RHP, ALERT",20.0,8,1.0,False
36,startool_sequential_parser,rank_player_card_block,Adolis García,R,Philadelphia Phillies,Slade Cecconi,Philadelphia Phillies vs Slade Cecconi,,6.0,28.0,33.3,6.448,30.599999999999998,0.992,1.7,36.0,6.0,False,"Weak Slot, COLD",32.0,8,1.0,False
36,startool_sequential_parser,rank_player_card_block,Brandon Marsh,L,Philadelphia Phillies,Slade Cecconi,Philadelphia Phillies vs Slade Cecconi,,7.0,12.0,22.6,8.801,0.0,1.354,0.0,34.0,13.0,False,"Platoon, WARM",,8,1.0,False
37,startool_sequential_parser,rank_player_card_block,Bryson Stott,L,Philadelphia Phillies,Slade Cecconi,Philadelphia Phillies vs Slade Cecconi,,3.0,13.0,11.700000000000001,10.283000000000001,22.2,1.582,3.6,29.0,-13.0,True,"Platoon, Weak Slot, ALERT",27.0,8,1.0,False
37,startool_sequential_parser,rank_player_card_block,J.T. Realmuto,R,Philadelphia Phillies,Slade Cecconi,Philadelphia Phillies vs Slade Cecconi,,8.0,19.0,17.1,5.0115,0.0,0.771,0.0,40.0,-14.0,False,COLD,35.0,8,1.0,False
37,startool_sequential_parser,rank_player_card_block,Justin Crawford,L,Philadelphia Phillies,Slade Cecconi,Philadelphia Phillies vs Slade Cecconi,,4.0,17.0,11.5,7.039499999999999,40.0,1.083,4.4,27.0,3.0,False,"Platoon, Weak Slot, WARM",11.0,8,1.0,False
38,startool_sequential_parser,rank_player_card_block,Sam Antonacci,L,Chicago White Sox,Adrian Houser,Chicago White Sox vs Adrian Houser,,7.0,9.0,34.2,10.5235,0.0,1.619,0.0,34.0,5.0,False,"Platoon, Weak Slot, WARM",36.0,8,1.0,False
38,startool_sequential_parser,rank_player_card_block,Munetaka Murakami,L,Chicago White Sox,Adrian Houser,Chicago White Sox vs Adrian Houser,,3.0,41.0,4.5,10.465,43.35,1.61,4.8,51.0,10.0,False,"Platoon, Rakes RHP, Weak Slot",,8,1.0,False
39,startool_sequential_parser,rank_player_card_block,Miguel Vargas,R,Chicago White Sox,Adrian Houser,Chicago White Sox vs Adrian Houser,,5.0,10.0,21.9,10.029499999999999,25.0,1.543,6.5,47.0,22.0,True,"Weak Slot, ALERT",23.0,8,1.0,False
39,startool_sequential_parser,rank_player_card_block,Colson Montgomery,L,Chicago White Sox,Adrian Houser,Chicago White Sox vs Adrian Houser,,1.0,33.0,20.7,16.9325,28.6,2.605,6.1,49.0,-5.0,True,"Platoon, Rakes RHP, Laser, ALERT",26.0,8,1.0,False
39,startool_sequential_parser,rank_player_card_block,Chase Meidroth,R,Chicago White Sox,Adrian Houser,Chicago White Sox vs Adrian Houser,,2.0,17.0,13.3,9.190999999999999,22.2,1.414,3.4,25.0,-2.0,False,"Platoon, HOT",15.0,8,1.0,False
40,startool_sequential_parser,rank_player_card_block,Jarred Kelenic,L,Chicago White Sox,Adrian Houser,Chicago White Sox vs Adrian Houser,,6.0,28.0,21.7,7.2475,39.949999999999996,1.115,2.0,47.0,-64.0,True,"Platoon, ALERT",,8,1.0,False
40,startool_sequential_parser,rank_player_card_block,Tristan Peters,L,Chicago White Sox,Adrian Houser,Chicago White Sox vs Adrian Houser,,8.0,17.0,20.6,9.5355,22.2,1.467,3.9,26.0,-1.0,True,"Platoon, ALERT",13.0,8,1.0,False
40,startool_sequential_parser,rank_player_card_block,Drew Romo,,Chicago White Sox,Adrian Houser,Chicago White Sox vs Adrian Houser,,4.0,26.0,14.3,9.854,36.4,1.516,7.4,32.0,95.0,False,WARM,,8,1.0,False
41,startool_sequential_parser,rank_player_card_block,Harrison Bader,R,San Francisco Giants,Bryan Hudson,San Francisco Giants vs Bryan Hudson,,4.0,24.0,21.6,6.5714999999999995,33.3,1.011,6.3,35.0,-35.0,True,"Platoon, ALERT",30.0,8,1.0,False
41,startool_sequential_parser,rank_player_card_block,Luis Arraez,L,San Francisco Giants,Bryan Hudson,San Francisco Giants vs Bryan Hudson,,7.0,8.0,25.0,11.869,25.0,1.826,2.9,20.0,4.0,False,"Eats LHP, HOT",17.0,8,1.0,False
41,startool_sequential_parser,rank_player_card_block,Casey Schmitt,R,San Francisco Giants,Bryan Hudson,San Francisco Giants vs Bryan Hudson,,3.0,16.0,11.6,8.5605,33.3,1.317,8.3,38.0,-2.0,True,"Platoon, Weak Slot, ALERT",27.0,8,1.0,False
42,startool_sequential_parser,rank_player_card_block,Willy Adames,R,San Francisco Giants,Bryan Hudson,San Francisco Giants vs Bryan Hudson,,6.0,22.0,24.4,8.8855,27.2,1.367,3.2,32.0,-27.0,True,"Platoon, ALERT",20.0,8,1.0,False
42,startool_sequential_parser,rank_player_card_block,Matt Chapman,R,San Francisco Giants,Bryan Hudson,San Francisco Giants vs Bryan Hudson,,8.0,23.0,15.4,6.3765,0.0,0.981,0.0,41.0,-6.0,False,"Platoon, Weak Slot, WARM",16.0,8,1.0,False
42,startool_sequential_parser,rank_player_card_block,Bryce Eldridge,L,San Francisco Giants,Bryan Hudson,San Francisco Giants vs Bryan Hudson,,5.0,10.0,29.2,4.043,33.15,0.622,2.6,39.0,-36.0,False,HOT,,8,1.0,False
43,startool_sequential_parser,rank_player_card_block,Eric Haase,R,San Francisco Giants,Bryan Hudson,San Francisco Giants vs Bryan Hudson,,2.0,22.0,16.7,9.0545,40.0,1.393,7.7,28.0,58.0,True,"Platoon, ALERT",,8,1.0,False
44,startool_sequential_parser,rank_player_card_block,Julio Rodríguez,R,Seattle Mariners,Stephen Kolek,Seattle Mariners vs Stephen Kolek,,5.0,21.0,21.9,12.6945,36.4,1.953,6.2,49.0,15.0,False,"Laser, HOT",24.0,8,1.0,False
44,startool_sequential_parser,rank_player_card_block,Josh Naylor,L,Seattle Mariners,Stephen Kolek,Seattle Mariners vs Stephen Kolek,,8.0,17.0,30.6,10.2115,26.349999999999998,1.571,1.5,31.0,16.0,False,"Platoon, Rakes RHP, COLD",16.0,8,1.0,False
44,startool_sequential_parser,rank_player_card_block,Randy Arozarena,R,Seattle Mariners,Stephen Kolek,Seattle Mariners vs Stephen Kolek,,6.0,22.0,20.7,12.506,28.6,1.924,3.1,34.0,3.0,True,"Platoon, Rakes RHP, Weak Slot, ALERT",29.0,8,1.0,False
45,startool_sequential_parser,rank_player_card_block,Cole Young,L,Seattle Mariners,Stephen Kolek,Seattle Mariners vs Stephen Kolek,,9.0,20.0,30.8,6.3505,0.0,0.977,0.0,33.0,-4.0,False,"Platoon, Rakes RHP, Weak Slot, WARM",16.0,8,1.0,False
45,startool_sequential_parser,rank_player_card_block,Dominic Canzone,L,Seattle Mariners,Stephen Kolek,Seattle Mariners vs Stephen Kolek,,7.0,25.0,18.2,5.9670000000000005,33.3,0.918,2.8,46.0,-7.0,True,"Platoon, ALERT",53.0,8,1.0,False
45,startool_sequential_parser,rank_player_card_block,Mitch Garver,R,Seattle Mariners,Stephen Kolek,Seattle Mariners vs Stephen Kolek,,2.0,26.0,15.4,10.075000000000001,18.2,1.55,4.2,32.0,-11.0,False,"Rakes RHP, HOT",,8,1.0,False
46,startool_sequential_parser,rank_player_card_block,Maikel Garcia,R,Kansas City Royals,George Kirby,Kansas City Royals vs George Kirby,,8.0,18.0,16.2,6.6625,0.0,1.025,0.0,37.0,13.0,False,COLD,32.0,8,1.0,False
46,startool_sequential_parser,rank_player_card_block,Bobby Witt Jr.,R,Kansas City Royals,George Kirby,Kansas City Royals vs George Kirby,,3.0,21.0,24.3,11.44,30.8,1.76,6.3,46.0,12.0,True,"Platoon, Rakes RHP, Weak Slot, Laser, ALERT",38.0,8,1.0,False
47,startool_sequential_parser,rank_player_card_block,Salvador Perez,R,Kansas City Royals,George Kirby,Kansas City Royals vs George Kirby,,5.0,27.0,35.5,6.578,21.4,1.012,4.8,29.0,-29.0,True,ALERT,16.0,8,1.0,False
47,startool_sequential_parser,rank_player_card_block,Carter Jensen,L,Kansas City Royals,George Kirby,Kansas City Royals vs George Kirby,,7.0,26.0,23.400000000000002,5.551,0.0,0.854,0.0,39.0,-38.0,False,"Platoon, Weak Slot, WARM",27.0,8,1.0,False
47,startool_sequential_parser,rank_player_card_block,Jac Caglianone,L,Kansas City Royals,George Kirby,Kansas City Royals vs George Kirby,,2.0,24.0,21.6,7.7805,45.05,1.197,2.0,53.0,-5.0,True,"Platoon, Rakes RHP, Weak Slot, Laser, ALERT",40.0,8,1.0,False
48,startool_sequential_parser,rank_player_card_block,Rakes RHP,,Kansas City Royals,George Kirby,Kansas City Royals vs George Kirby,,4.0,20.0,30.0,5.616,20.0,0.864,1.7,39.0,77.0,False,"Rakes RHP, HOT",27.0,8,1.0,False
48,startool_sequential_parser,rank_player_card_block,Michael Massey,L,Kansas City Royals,George Kirby,Kansas City Royals vs George Kirby,,1.0,26.0,14.3,11.0695,25.5,1.703,4.4,30.0,-63.0,False,"Platoon, HOT",45.0,8,1.0,False
48,startool_sequential_parser,rank_player_card_block,Kyle Isbel,L,Kansas City Royals,George Kirby,Kansas City Royals vs George Kirby,,9.0,15.0,30.8,6.383,0.0,0.982,0.0,29.0,-21.0,False,"Platoon, WARM",24.0,8,1.0,False
49,startool_sequential_parser,rank_player_card_block,Byron Buxton,R,Kansas City Royals,George Kirby,Kansas City Royals vs George Kirby,,1.0,29.0,16.3,18.0,50.0,3.562,13.0,39.0,19.0,True,"Platoon, Weak Slot, ALERT",22.0,8,1.0,False
49,startool_sequential_parser,rank_player_card_block,Trevor Larnach,L,Kansas City Royals,George Kirby,Kansas City Royals vs George Kirby,,8.0,20.0,15.4,8.619,25.0,1.326,1.8,29.0,1.0,False,WARM,19.0,8,1.0,False
49,startool_sequential_parser,rank_player_card_block,Austin Martin,R,Kansas City Royals,George Kirby,Kansas City Royals vs George Kirby,,2.0,16.0,15.4,8.612499999999999,6.7,1.325,1.6,27.0,2.0,False,"Platoon, Eats LHP, Weak Slot, HOT",21.0,8,1.0,False
50,startool_sequential_parser,rank_player_card_block,Eats LHP,,Kansas City Royals,George Kirby,Kansas City Royals vs George Kirby,,3.0,20.0,28.2,9.373,20.0,1.442,3.3,36.0,7.0,True,"Eats LHP, ALERT",24.0,8,1.0,False
50,startool_sequential_parser,rank_player_card_block,Luke Keaschall,R,Kansas City Royals,George Kirby,Kansas City Royals vs George Kirby,,4.0,18.0,21.6,7.3125,0.0,1.125,0.0,26.0,10.0,False,"Platoon, WARM",6.0,8,1.0,False
50,startool_sequential_parser,rank_player_card_block,Victor Caratini,,Kansas City Royals,George Kirby,Kansas City Royals vs George Kirby,,5.0,23.0,25.9,3.8219999999999996,26.349999999999998,0.588,2.1,31.0,-13.0,False,HOT,35.0,8,1.0,False
51,startool_sequential_parser,rank_player_card_block,Brooks Lee,,Kansas City Royals,George Kirby,Kansas City Royals vs George Kirby,,7.0,19.0,21.4,5.356,0.0,0.824,0.0,24.0,20.0,False,WARM,12.0,8,1.0,False
51,startool_sequential_parser,rank_player_card_block,James Outman,L,Kansas City Royals,George Kirby,Kansas City Royals vs George Kirby,,9.0,34.0,30.8,5.5249999999999995,0.0,0.85,0.0,21.0,-34.0,False,COLD,,8,1.0,False
51,startool_sequential_parser,rank_player_card_block,Jarren Duran,L,Kansas City Royals,George Kirby,Kansas City Royals vs George Kirby,,5.0,31.0,22.6,7.435999999999999,22.2,1.144,2.8,43.0,1.0,True,"Platoon, Rakes RHP, Weak Slot, Laser, ALERT",30.0,8,1.0,False
52,startool_sequential_parser,rank_player_card_block,Wilyer Abreu,L,Kansas City Royals,George Kirby,Kansas City Royals vs George Kirby,,4.0,12.0,24.2,7.358,35.699999999999996,1.132,3.0,42.0,-3.0,False,"Platoon, Weak Slot, HOT",26.0,8,1.0,False
52,startool_sequential_parser,rank_player_card_block,Masataka Yoshida,L,Kansas City Royals,George Kirby,Kansas City Royals vs George Kirby,,3.0,7.0,15.4,6.701499999999999,0.0,1.031,0.0,33.0,-4.0,False,"Platoon, WARM",33.0,8,1.0,False
52,startool_sequential_parser,rank_player_card_block,Ceddanne Rafaela,R,Kansas City Royals,George Kirby,Kansas City Royals vs George Kirby,,1.0,22.0,26.5,11.303500000000001,30.0,1.739,4.9,26.0,3.0,False,"Rakes RHP, HOT",12.0,8,1.0,False
53,startool_sequential_parser,rank_player_card_block,Marcelo Mayer,L,Kansas City Royals,George Kirby,Kansas City Royals vs George Kirby,,8.0,17.0,16.7,4.615,34.85,0.71,1.7,41.0,7.0,False,"Platoon, HOT",18.0,8,1.0,False
53,startool_sequential_parser,rank_player_card_block,Carlos Narváez,R,Kansas City Royals,George Kirby,Kansas City Royals vs George Kirby,,6.0,31.0,22.7,6.435,25.0,0.99,2.0,29.0,-14.0,False,COLD,26.0,8,1.0,False
53,startool_sequential_parser,rank_player_card_block,Connor Wong,R,Kansas City Royals,George Kirby,Kansas City Royals vs George Kirby,,7.0,14.0,22.2,7.5985000000000005,0.0,1.169,0.0,31.0,27.0,False,"Rakes RHP, WARM",44.0,8,1.0,False
53,startool_sequential_parser,rank_player_card_block,Caleb Durbin,R,Kansas City Royals,George Kirby,Kansas City Royals vs George Kirby,,9.0,5.0,13.8,3.289,0.0,0.506,0.0,22.0,-20.0,False,COLD,,8,1.0,False
54,startool_sequential_parser,rank_player_card_block,James Wood,L,Washington Nationals,Grant Holmes,Washington Nationals vs Grant Holmes,,1.0,33.0,21.2,11.141,49.3,1.714,4.3,58.0,30.0,True,"Platoon, Rakes RHP, Laser, ALERT",41.0,8,1.0,False
54,startool_sequential_parser,rank_player_card_block,Luis García Jr.,L,Washington Nationals,Grant Holmes,Washington Nationals vs Grant Holmes,,2.0,19.0,30.0,12.61,25.0,1.94,3.9,41.0,-16.0,False,"Platoon, Weak Slot, WARM",34.0,8,1.0,False
55,startool_sequential_parser,rank_player_card_block,Curtis Mead,R,Washington Nationals,Grant Holmes,Washington Nationals vs Grant Holmes,,7.0,15.0,19.0,8.112,34.85,1.248,1.8,41.0,-11.0,False,HOT,35.0,8,1.0,False
55,startool_sequential_parser,rank_player_card_block,CJ Abrams,L,Washington Nationals,Grant Holmes,Washington Nationals vs Grant Holmes,,4.0,28.0,25.2,16.0095,32.3,2.463,2.9,38.0,15.0,True,"Platoon, Weak Slot, ALERT",26.0,8,1.0,False
55,startool_sequential_parser,rank_player_card_block,Daylen Lile,L,Washington Nationals,Grant Holmes,Washington Nationals vs Grant Holmes,,3.0,25.0,23.1,13.896999999999998,23.5,2.138,5.9,30.0,-12.0,True,"Platoon, Rakes RHP, ALERT",18.0,8,1.0,False
55,startool_sequential_parser,rank_player_card_block,Jacob Young,R,Washington Nationals,Grant Holmes,Washington Nationals vs Grant Holmes,,5.0,18.0,25.0,13.7215,26.7,2.111,7.0,28.0,-16.0,True,"Weak Slot, ALERT",,8,1.0,False
56,startool_sequential_parser,rank_player_card_block,Jorbit Vivas,L,Washington Nationals,Grant Holmes,Washington Nationals vs Grant Holmes,,9.0,17.0,29.2,4.355,0.0,0.67,0.0,24.0,-40.0,False,"Platoon, WARM",14.0,8,1.0,False
56,startool_sequential_parser,rank_player_card_block,Drew Millas,,Washington Nationals,Grant Holmes,Washington Nationals vs Grant Holmes,,8.0,22.0,30.3,4.9335,25.0,0.759,1.9,21.0,-46.0,False,HOT,38.0,8,1.0,False
56,startool_sequential_parser,rank_player_card_block,Keibert Ruiz,,Washington Nationals,Grant Holmes,Washington Nationals vs Grant Holmes,,6.0,13.0,26.1,17.543499999999998,20.0,2.699,5.6,26.0,-20.0,True,ALERT,67.0,8,1.0,False
57,startool_sequential_parser,rank_player_card_block,Ozzie Albies,,Atlanta Braves,Jake Irvin,Atlanta Braves vs Jake Irvin,,9.0,21.0,28.6,3.8935,0.0,0.599,0.0,26.0,-20.0,False,"Weak Slot, COLD",13.0,8,1.0,False
57,startool_sequential_parser,rank_player_card_block,Matt Olson,L,Atlanta Braves,Jake Irvin,Atlanta Braves vs Jake Irvin,,7.0,17.0,13.6,5.960500000000001,42.5,0.917,1.6,50.0,15.0,False,"Platoon, WARM",34.0,8,1.0,False
57,startool_sequential_parser,rank_player_card_block,Michael Harris II,L,Atlanta Braves,Jake Irvin,Atlanta Braves vs Jake Irvin,,3.0,16.0,20.0,11.583,28.6,1.782,6.3,53.0,-10.0,True,"Platoon, Weak Slot, Laser, ALERT",39.0,8,1.0,False
58,startool_sequential_parser,rank_player_card_block,Austin Riley,R,Atlanta Braves,Jake Irvin,Atlanta Braves vs Jake Irvin,,2.0,28.0,25.0,11.154,21.4,1.716,5.0,45.0,12.0,True,"Rakes RHP, Weak Slot, ALERT",32.0,8,1.0,False
58,startool_sequential_parser,rank_player_card_block,Mauricio Dubón,R,Atlanta Braves,Jake Irvin,Atlanta Braves vs Jake Irvin,,8.0,14.0,25.9,8.021,25.0,1.234,1.6,26.0,-16.0,False,HOT,11.0,8,1.0,False
58,startool_sequential_parser,rank_player_card_block,Dominic Smith,L,Atlanta Braves,Jake Irvin,Atlanta Braves vs Jake Irvin,,4.0,15.0,35.7,9.828,27.2,1.512,2.4,32.0,-6.0,True,"Platoon, ALERT",43.0,8,1.0,False
59,startool_sequential_parser,rank_player_card_block,Jorge Mateo,R,Atlanta Braves,Jake Irvin,Atlanta Braves vs Jake Irvin,,6.0,20.0,15.0,10.1725,33.15,1.565,2.2,39.0,-9.0,False,COLD,7.0,8,1.0,False
59,startool_sequential_parser,rank_player_card_block,Carson Benge,L,Atlanta Braves,Jake Irvin,Atlanta Braves vs Jake Irvin,,7.0,22.0,29.7,10.8485,0.0,1.669,0.0,34.0,-8.0,False,"Platoon, Weak Slot, HOT",24.0,8,1.0,False
60,startool_sequential_parser,rank_player_card_block,Bo Bichette,R,Atlanta Braves,Jake Irvin,Atlanta Braves vs Jake Irvin,,6.0,17.0,14.7,6.149,27.2,0.946,4.5,32.0,-11.0,True,ALERT,26.0,8,1.0,False
60,startool_sequential_parser,rank_player_card_block,Juan Soto,L,Atlanta Braves,Jake Irvin,Atlanta Braves vs Jake Irvin,,1.0,21.0,12.5,12.961,31.6,1.994,9.4,47.0,12.0,True,"Platoon, Rakes RHP, Weak Slot, Laser, ALERT",40.0,8,1.0,False
60,startool_sequential_parser,rank_player_card_block,Mark Vientos,R,Atlanta Braves,Jake Irvin,Atlanta Braves vs Jake Irvin,,5.0,29.0,13.3,9.152,33.15,1.408,3.2,39.0,6.0,True,ALERT,32.0,8,1.0,False
61,startool_sequential_parser,rank_player_card_block,Brett Baty,L,Atlanta Braves,Jake Irvin,Atlanta Braves vs Jake Irvin,,2.0,31.0,38.5,9.36,33.3,1.44,3.7,45.0,-8.0,True,"Platoon, Rakes RHP, Weak Slot, Laser, ALERT",29.0,8,1.0,False
61,startool_sequential_parser,rank_player_card_block,Tyrone Taylor,R,Atlanta Braves,Jake Irvin,Atlanta Braves vs Jake Irvin,,8.0,24.0,9.5,5.915,25.0,0.91,2.3,26.0,-27.0,False,"Rakes RHP, HOT",25.0,8,1.0,False
61,startool_sequential_parser,rank_player_card_block,A.J. Ewing,L,Atlanta Braves,Jake Irvin,Atlanta Braves vs Jake Irvin,,4.0,29.0,26.7,8.105500000000001,30.599999999999998,1.247,2.4,36.0,-29.0,False,"Platoon, HOT",,8,1.0,False
62,startool_sequential_parser,rank_player_card_block,Xavier Edwards,,Miami Marlins,Freddy Peralta,Miami Marlins vs Freddy Peralta,,3.0,14.0,28.6,12.649,28.6,1.946,6.5,28.0,30.0,True,ALERT,22.0,8,1.0,False
62,startool_sequential_parser,rank_player_card_block,Liam Hicks,L,Miami Marlins,Freddy Peralta,Miami Marlins vs Freddy Peralta,,6.0,11.0,13.2,6.149,5.9,0.946,1.8,30.0,-26.0,False,"Platoon, Weak Slot, WARM",17.0,8,1.0,False
62,startool_sequential_parser,rank_player_card_block,Otto Lopez,R,Miami Marlins,Freddy Peralta,Miami Marlins vs Freddy Peralta,,9.0,15.0,15.2,10.7445,0.0,1.653,0.0,39.0,-1.0,False,WARM,33.0,8,1.0,False
63,startool_sequential_parser,rank_player_card_block,Kyle Stowers,L,Miami Marlins,Freddy Peralta,Miami Marlins vs Freddy Peralta,,1.0,33.0,13.8,14.209,25.0,2.186,5.3,43.0,-26.0,True,"Platoon, Weak Slot, ALERT",26.0,8,1.0,False
63,startool_sequential_parser,rank_player_card_block,Connor Norby,R,Miami Marlins,Freddy Peralta,Miami Marlins vs Freddy Peralta,,5.0,35.0,16.7,7.67,25.0,1.18,1.8,24.0,6.0,False,"Weak Slot, WARM",10.0,8,1.0,False
63,startool_sequential_parser,rank_player_card_block,Jakob Marsee,L,Miami Marlins,Freddy Peralta,Miami Marlins vs Freddy Peralta,,4.0,17.0,24.1,9.3535,20.0,1.439,3.6,27.0,-11.0,False,"Platoon, HOT",13.0,8,1.0,False
63,startool_sequential_parser,rank_player_card_block,Owen Caissie,L,Miami Marlins,Freddy Peralta,Miami Marlins vs Freddy Peralta,,2.0,30.0,22.2,8.242,28.6,1.268,4.9,42.0,-5.0,True,"Platoon, ALERT",,8,1.0,False
64,startool_sequential_parser,rank_player_card_block,Joe Mack,L,Miami Marlins,Freddy Peralta,Miami Marlins vs Freddy Peralta,,8.0,28.0,21.7,9.665500000000002,0.0,1.487,0.0,34.0,-14.0,False,"Platoon, Rakes RHP, COLD",,8,1.0,False
64,startool_sequential_parser,rank_player_card_block,Javier Sanoja,R,Miami Marlins,Freddy Peralta,Miami Marlins vs Freddy Peralta,,7.0,11.0,20.0,5.057,25.0,0.778,2.0,27.0,-14.0,False,HOT,26.0,8,1.0,False
65,startool_sequential_parser,rank_player_card_block,Shohei Ohtani,L,Los Angeles Dodgers,Robert Gasser,Los Angeles Dodgers vs Robert Gasser,,2.0,22.0,10.0,13.428999999999998,41.65,2.066,2.8,49.0,42.0,True,"Laser, ALERT",40.0,8,1.0,False
65,startool_sequential_parser,rank_player_card_block,Freddie Freeman,L,Los Angeles Dodgers,Robert Gasser,Los Angeles Dodgers vs Robert Gasser,,1.0,21.0,21.6,8.956999999999999,30.0,1.378,4.8,36.0,-17.0,True,ALERT,32.0,8,1.0,False
65,startool_sequential_parser,rank_player_card_block,Will Smith,R,Los Angeles Dodgers,Robert Gasser,Los Angeles Dodgers vs Robert Gasser,,7.0,15.0,39.5,6.2595,6.7,0.963,1.6,34.0,-21.0,False,"Platoon, Weak Slot, HOT",21.0,8,1.0,False
65,startool_sequential_parser,rank_player_card_block,Kyle Tucker,L,Los Angeles Dodgers,Robert Gasser,Los Angeles Dodgers vs Robert Gasser,,3.0,17.0,50.0,9.971,0.0,1.534,0.0,35.0,-2.0,False,Eats LHP,,8,1.0,False
66,startool_sequential_parser,rank_player_card_block,Andy Pages,R,Los Angeles Dodgers,Robert Gasser,Los Angeles Dodgers vs Robert Gasser,,4.0,20.0,21.7,11.2775,38.5,1.735,8.1,39.0,5.0,False,"Platoon, Weak Slot, HOT",23.0,8,1.0,False
66,startool_sequential_parser,rank_player_card_block,Max Muncy,L,Los Angeles Dodgers,Robert Gasser,Los Angeles Dodgers vs Robert Gasser,,5.0,23.0,18.8,5.0440000000000005,27.2,0.776,5.2,32.0,39.0,True,"Weak Slot, ALERT",33.0,8,1.0,False
66,startool_sequential_parser,rank_player_card_block,Dalton Rushing,L,Los Angeles Dodgers,Robert Gasser,Los Angeles Dodgers vs Robert Gasser,,8.0,28.0,25.0,3.0,0.0,0.276,0.0,38.0,-26.0,False,WARM,,8,1.0,False
67,startool_sequential_parser,rank_player_card_block,Santiago Espinal,R,Los Angeles Dodgers,Robert Gasser,Los Angeles Dodgers vs Robert Gasser,,6.0,2.0,12.5,6.825,25.0,1.05,3.1,25.0,-40.0,False,"Platoon, HOT",,8,1.0,False
67,startool_sequential_parser,rank_player_card_block,Jackson Chourio,R,Milwaukee Brewers,Roki Sasaki,Milwaukee Brewers vs Roki Sasaki,,6.0,30.0,22.2,12.7985,6.7,1.969,1.4,44.0,-9.0,True,"Laser, ALERT",40.0,8,1.0,False
67,startool_sequential_parser,rank_player_card_block,Brice Turang,L,Milwaukee Brewers,Roki Sasaki,Milwaukee Brewers vs Roki Sasaki,,2.0,24.0,23.3,11.323,25.0,1.742,4.3,36.0,6.0,False,"Platoon, Rakes RHP, Weak Slot, HOT",29.0,8,1.0,False
68,startool_sequential_parser,rank_player_card_block,William Contreras,R,Milwaukee Brewers,Roki Sasaki,Milwaukee Brewers vs Roki Sasaki,,5.0,15.0,28.9,9.691500000000001,36.55,1.491,1.5,43.0,-5.0,True,ALERT,33.0,8,1.0,False
68,startool_sequential_parser,rank_player_card_block,Jake Bauers,L,Milwaukee Brewers,Roki Sasaki,Milwaukee Brewers vs Roki Sasaki,,1.0,23.0,21.7,12.766,18.2,1.964,3.1,57.0,24.0,True,"Platoon, ALERT",42.0,8,1.0,False
68,startool_sequential_parser,rank_player_card_block,Andrew Vaughn,R,Milwaukee Brewers,Roki Sasaki,Milwaukee Brewers vs Roki Sasaki,,3.0,36.0,31.6,9.424999999999999,20.0,1.45,2.3,36.0,113.0,False,WARM,51.0,8,1.0,False
69,startool_sequential_parser,rank_player_card_block,Sal Frelick,L,Milwaukee Brewers,Roki Sasaki,Milwaukee Brewers vs Roki Sasaki,,8.0,6.0,23.3,5.2844999999999995,0.0,0.813,0.0,26.0,-22.0,False,"Platoon, COLD",11.0,8,1.0,False
69,startool_sequential_parser,rank_player_card_block,Blake Perkins,,Milwaukee Brewers,Roki Sasaki,Milwaukee Brewers vs Roki Sasaki,,9.0,19.0,0.0,3.0,0.0,0.192,0.0,23.0,-20.0,False,"Weak Slot, WARM",,8,1.0,False
69,startool_sequential_parser,rank_player_card_block,Joey Ortiz,R,Milwaukee Brewers,Roki Sasaki,Milwaukee Brewers vs Roki Sasaki,,4.0,19.0,21.1,7.007000000000001,27.2,1.078,2.1,32.0,-2.0,False,"Rakes RHP, Weak Slot, HOT",24.0,8,1.0,False
70,startool_sequential_parser,rank_player_card_block,Nick Kurtz,L,Athletics,Lucas Giolito,Athletics vs Lucas Giolito,,3.0,32.0,28.8,12.974,75.0,1.996,4.4,58.0,13.0,True,"Platoon, Laser, ALERT",35.0,8,1.0,False
70,startool_sequential_parser,rank_player_card_block,Shea Langeliers,R,Athletics,Lucas Giolito,Athletics vs Lucas Giolito,,2.0,21.0,18.900000000000002,17.2185,33.3,2.649,5.6,49.0,27.0,True,"Rakes RHP, Weak Slot, ALERT",35.0,8,1.0,False
71,startool_sequential_parser,rank_player_card_block,Brent Rooker,R,Athletics,Lucas Giolito,Athletics vs Lucas Giolito,,4.0,40.0,13.9,17.732000000000003,22.2,2.728,6.1,40.0,4.0,True,"Rakes RHP, Weak Slot, ALERT",24.0,8,1.0,False
71,startool_sequential_parser,rank_player_card_block,Carlos Cortes,L,Athletics,Lucas Giolito,Athletics vs Lucas Giolito,,7.0,16.0,24.4,9.509500000000001,0.0,1.463,0.0,36.0,23.0,False,"Platoon, Weak Slot, WARM",31.0,8,1.0,False
71,startool_sequential_parser,rank_player_card_block,Zack Gelof,R,Athletics,Lucas Giolito,Athletics vs Lucas Giolito,,1.0,32.0,28.8,9.249500000000001,30.8,1.423,6.3,38.0,-12.0,True,"Platoon, ALERT",48.0,8,1.0,False
72,startool_sequential_parser,rank_player_card_block,Darell Hernaiz,R,Athletics,Lucas Giolito,Athletics vs Lucas Giolito,,9.0,16.0,11.5,7.7155000000000005,0.0,1.187,0.0,23.0,-10.0,False,COLD,35.0,8,1.0,False
72,startool_sequential_parser,rank_player_card_block,Jeff McNeil,L,Athletics,Lucas Giolito,Athletics vs Lucas Giolito,,5.0,14.0,20.0,5.616,25.0,0.864,1.8,23.0,1.0,False,"Platoon, Rakes RHP, HOT",9.0,8,1.0,False
72,startool_sequential_parser,rank_player_card_block,Jackson Merrill,L,San Diego Padres,J.T. Ginn,San Diego Padres vs J.T. Ginn,,2.0,23.0,30.0,6.935499999999999,29.75,1.067,1.7,35.0,22.0,False,"Platoon, Rakes RHP, HOT",,8,1.0,False
73,startool_sequential_parser,rank_player_card_block,Fernando Tatis Jr.,R,San Diego Padres,J.T. Ginn,San Diego Padres vs J.T. Ginn,,8.0,28.0,10.5,4.3745,0.0,0.673,0.0,49.0,-4.0,False,"Rakes RHP, Weak Slot, WARM",35.0,8,1.0,False
73,startool_sequential_parser,rank_player_card_block,Manny Machado,R,San Diego Padres,J.T. Ginn,San Diego Padres vs J.T. Ginn,,4.0,16.0,26.5,5.0895,33.3,0.783,4.9,38.0,-32.0,True,"Weak Slot, ALERT",26.0,8,1.0,False
73,startool_sequential_parser,rank_player_card_block,Gavin Sheets,L,San Diego Padres,J.T. Ginn,San Diego Padres vs J.T. Ginn,,1.0,12.0,30.0,14.6965,38.5,2.261,8.8,43.0,-15.0,True,"Platoon, Rakes RHP, ALERT",23.0,8,1.0,False
74,startool_sequential_parser,rank_player_card_block,Ramón Laureano,R,San Diego Padres,J.T. Ginn,San Diego Padres vs J.T. Ginn,,6.0,27.0,29.4,4.433000000000001,28.05,0.682,2.2,33.0,-4.0,True,ALERT,19.0,8,1.0,False
74,startool_sequential_parser,rank_player_card_block,Nick Castellanos,R,San Diego Padres,J.T. Ginn,San Diego Padres vs J.T. Ginn,,3.0,28.0,28.0,10.620999999999999,26.7,1.634,8.0,27.0,-9.0,True,"Rakes RHP, Weak Slot, ALERT",13.0,8,1.0,False
74,startool_sequential_parser,rank_player_card_block,Freddy Fermin,R,San Diego Padres,J.T. Ginn,San Diego Padres vs J.T. Ginn,,9.0,26.0,18.8,3.0,0.0,0.37,0.0,22.0,-39.0,False,COLD,33.0,8,1.0,False
75,startool_sequential_parser,rank_player_card_block,Brandon Nimmo,L,Texas Rangers,Walbert Ureña,Texas Rangers vs Walbert Ureña,,4.0,14.0,28.6,7.7219999999999995,18.2,1.188,3.1,39.0,-47.0,True,"Platoon, Weak Slot, ALERT",32.0,8,1.0,False
76,startool_sequential_parser,rank_player_card_block,Josh Jung,R,Texas Rangers,Walbert Ureña,Texas Rangers vs Walbert Ureña,,8.0,12.0,22.0,12.0575,29.75,1.855,1.5,35.0,1.0,False,HOT,29.0,8,1.0,False
76,startool_sequential_parser,rank_player_card_block,Joc Pederson,L,Texas Rangers,Walbert Ureña,Texas Rangers vs Walbert Ureña,,3.0,26.0,33.3,9.6135,28.9,1.479,2.1,34.0,-17.0,False,"Platoon, HOT",33.0,8,1.0,False
76,startool_sequential_parser,rank_player_card_block,Evan Carter,L,Texas Rangers,Walbert Ureña,Texas Rangers vs Walbert Ureña,,6.0,23.0,13.3,6.474,25.5,0.996,3.9,30.0,-27.0,False,"Platoon, Weak Slot, Laser, WARM",16.0,8,1.0,False
77,startool_sequential_parser,rank_player_card_block,Alejandro Osuna,L,Texas Rangers,Walbert Ureña,Texas Rangers vs Walbert Ureña,,9.0,12.0,30.0,8.404499999999999,0.0,1.293,0.0,35.0,59.0,False,"Platoon, Weak Slot, COLD",21.0,8,1.0,False
77,startool_sequential_parser,rank_player_card_block,Danny Jansen,R,Texas Rangers,Walbert Ureña,Texas Rangers vs Walbert Ureña,,7.0,27.0,11.5,7.4295,25.0,1.143,3.8,24.0,46.0,False,HOT,30.0,8,1.0,False
77,startool_sequential_parser,rank_player_card_block,Justin Foscue,R,Texas Rangers,Walbert Ureña,Texas Rangers vs Walbert Ureña,,1.0,7.0,35.0,14.683499999999999,25.0,2.259,4.8,41.0,-5.0,True,ALERT,,8,1.0,False
78,startool_sequential_parser,rank_player_card_block,Zach Neto,R,Los Angeles Angels,Nathan Eovaldi,Los Angeles Angels vs Nathan Eovaldi,,1.0,24.0,15.4,10.6925,25.0,1.645,5.9,27.0,49.0,True,"Weak Slot, ALERT",16.0,8,1.0,False
78,startool_sequential_parser,rank_player_card_block,Nolan Schanuel,L,Los Angeles Angels,Nathan Eovaldi,Los Angeles Angels vs Nathan Eovaldi,,2.0,28.0,31.4,8.4565,25.0,1.301,1.6,27.0,-18.0,True,"Platoon, Rakes RHP, Weak Slot, ALERT",13.0,8,1.0,False
81,startool_sequential_parser,rank_player_card_block,Tyler Freeman,R,Colorado Rockies,Zac Gallen,Colorado Rockies vs Zac Gallen,,6.0,14.0,25.7,6.8965,25.0,1.061,3.4,32.0,10.0,False,"Weak Slot, WARM",21.0,8,1.0,False
81,startool_sequential_parser,rank_player_card_block,Hunter Goodman,R,Colorado Rockies,Zac Gallen,Colorado Rockies vs Zac Gallen,,4.0,30.0,31.0,8.346,20.0,1.284,3.3,43.0,-20.0,False,"Weak Slot, Laser, HOT",30.0,8,1.0,False
81,startool_sequential_parser,rank_player_card_block,TJ Rumfield,L,Colorado Rockies,Zac Gallen,Colorado Rockies vs Zac Gallen,,1.0,15.0,30.3,9.958,22.2,1.532,3.3,31.0,17.0,False,"Platoon, Rakes RHP, HOT",8.0,8,1.0,False
82,startool_sequential_parser,rank_player_card_block,Troy Johnston,L,Colorado Rockies,Zac Gallen,Colorado Rockies vs Zac Gallen,,3.0,26.0,39.3,8.6645,0.0,1.333,0.0,30.0,6.0,False,"Platoon, COLD",22.0,8,1.0,False
82,startool_sequential_parser,rank_player_card_block,Willi Castro,,Colorado Rockies,Zac Gallen,Colorado Rockies vs Zac Gallen,,5.0,28.0,31.8,11.739,25.5,1.806,1.8,30.0,8.0,False,WARM,17.0,8,1.0,False
82,startool_sequential_parser,rank_player_card_block,Kyle Karros,R,Colorado Rockies,Zac Gallen,Colorado Rockies vs Zac Gallen,,9.0,21.0,28.6,8.827,0.0,1.358,0.0,27.0,20.0,False,COLD,15.0,8,1.0,False
82,startool_sequential_parser,rank_player_card_block,Ezequiel Tovar,R,Colorado Rockies,Zac Gallen,Colorado Rockies vs Zac Gallen,,8.0,29.0,25.9,5.707,0.0,0.878,0.0,29.0,-31.0,False,WARM,,8,1.0,False
83,startool_sequential_parser,rank_player_card_block,Jake McCarthy,L,Colorado Rockies,Zac Gallen,Colorado Rockies vs Zac Gallen,,2.0,20.0,31.0,10.250499999999999,25.5,1.577,3.9,30.0,-16.0,False,"Platoon, Rakes RHP, WARM",14.0,8,1.0,False
83,startool_sequential_parser,rank_player_card_block,Ketel Marte,,Arizona Diamondbacks,Michael Lorenzen,Arizona Diamondbacks vs Michael Lorenzen,,3.0,17.0,25.0,14.677,40.8,2.258,3.0,48.0,-6.0,True,"Rakes RHP, Weak Slot, ALERT",34.0,8,1.0,False
83,startool_sequential_parser,rank_player_card_block,Corbin Carroll,L,Arizona Diamondbacks,Michael Lorenzen,Arizona Diamondbacks vs Michael Lorenzen,,1.0,24.0,30.0,12.8765,42.5,1.981,4.6,50.0,-4.0,True,"Platoon, Laser, ALERT",34.0,8,1.0,False
84,startool_sequential_parser,rank_player_card_block,Rakes RHP,,Arizona Diamondbacks,Michael Lorenzen,Arizona Diamondbacks vs Michael Lorenzen,,9.0,13.0,36.4,4.7905,0.0,0.737,0.0,27.0,-10.0,False,"Rakes RHP, WARM",16.0,8,1.0,False
84,startool_sequential_parser,rank_player_card_block,Adrian Del Castillo,L,Arizona Diamondbacks,Michael Lorenzen,Arizona Diamondbacks vs Michael Lorenzen,,2.0,28.0,16.0,5.0635,25.5,0.779,2.0,30.0,-24.0,False,"Platoon, COLD",34.0,8,1.0,False
84,startool_sequential_parser,rank_player_card_block,Ildemaro Vargas,,Arizona Diamondbacks,Michael Lorenzen,Arizona Diamondbacks vs Michael Lorenzen,,7.0,13.0,20.0,6.0255,29.75,0.927,1.5,35.0,29.0,False,"Weak Slot, HOT",19.0,8,1.0,False
84,startool_sequential_parser,rank_player_card_block,Lourdes Gurriel Jr.,R,Arizona Diamondbacks,Michael Lorenzen,Arizona Diamondbacks vs Michael Lorenzen,,6.0,25.0,25.7,9.126,25.0,1.404,1.7,28.0,17.0,False,"Rakes RHP, HOT",31.0,8,1.0,False
85,startool_sequential_parser,rank_player_card_block,Gabriel Moreno,R,Arizona Diamondbacks,Michael Lorenzen,Arizona Diamondbacks vs Michael Lorenzen,,4.0,19.0,22.6,6.6625,30.599999999999998,1.025,3.4,36.0,-22.0,False,"Weak Slot, HOT",38.0,8,1.0,False
85,startool_sequential_parser,rank_player_card_block,Jose Fernandez,R,Arizona Diamondbacks,Michael Lorenzen,Arizona Diamondbacks vs Michael Lorenzen,,8.0,28.0,31.3,4.2445,0.0,0.653,0.0,43.0,-16.0,False,COLD,21.0,8,1.0,False
8,startool_sequential_parser,rank_player_card_block,Yohel Pozo,R,St. Louis Cardinals,Chase Petty,St. Louis Cardinals vs Chase Petty,,,1.0,31.6,10.075000000000001,0.0,1.55,0.0,29.0,,False,"Rakes RHP, COLD",,7,0.875,False
16,startool_sequential_parser,rank_player_card_block,Anthony Volpe,R,New York Yankees,Drew Rasmussen,New York Yankees vs Drew Rasmussen,,9.0,23.0,25.0,3.198,0.0,0.492,0.0,25.0,,False,"Platoon, Rakes RHP, COLD",40.0,7,0.875,False
46,startool_sequential_parser,rank_player_card_block,Jhonny Pereda,R,Seattle Mariners,Stephen Kolek,Seattle Mariners vs Stephen Kolek,,3.0,16.0,41.7,6.8835,20.0,1.059,,35.0,-37.0,False,HOT,,7,0.875,False
50,startool_sequential_parser,rank_player_card_block,Kody Clemens,L,Kansas City Royals,George Kirby,Kansas City Royals vs George Kirby,,6.0,24.0,9.1,14.9435,27.2,2.299,1.7,32.0,,True,"Eats LHP, Weak Slot, ALERT",31.0,7,0.875,False
78,startool_sequential_parser,rank_player_card_block,Mike Trout,R,Los Angeles Angels,Nathan Eovaldi,Los Angeles Angels vs Nathan Eovaldi,,5.0,11.0,26.9,3.6984999999999997,44.199999999999996,0.569,1.5,52.0,,True,"Laser, ALERT",31.0,7,0.875,False
79,startool_sequential_parser,rank_player_card_block,Jo Adell,R,Los Angeles Angels,Nathan Eovaldi,Los Angeles Angels vs Nathan Eovaldi,,3.0,29.0,38.5,5.356,42.5,0.824,5.1,50.0,,True,"Laser, ALERT",31.0,7,0.875,False
79,startool_sequential_parser,rank_player_card_block,Oswald Peraza,R,Los Angeles Angels,Nathan Eovaldi,Los Angeles Angels vs Nathan Eovaldi,,4.0,23.0,33.3,8.385,20.0,1.29,3.9,33.0,,True,ALERT,10.0,7,0.875,False
79,startool_sequential_parser,rank_player_card_block,Vaughn Grissom,R,Los Angeles Angels,Nathan Eovaldi,Los Angeles Angels vs Nathan Eovaldi,,7.0,13.0,25.0,4.29,33.15,0.66,1.7,39.0,,False,WARM,49.0,7,0.875,False
80,startool_sequential_parser,rank_player_card_block,Sebastián Rivero,R,Los Angeles Angels,Nathan Eovaldi,Los Angeles Angels vs Nathan Eovaldi,,9.0,14.0,14.3,3.0,0.0,0.296,0.0,21.0,,False,COLD,,7,0.875,False
80,startool_sequential_parser,rank_player_card_block,Adam Frazier,L,Los Angeles Angels,Nathan Eovaldi,Los Angeles Angels vs Nathan Eovaldi,,8.0,36.0,22.7,5.0245,0.0,0.773,0.0,18.0,,False,"Platoon, COLD",15.0,7,0.875,False
85,startool_sequential_parser,rank_player_card_block,Ryan Waldschmidt,R,Arizona Diamondbacks,Michael Lorenzen,Arizona Diamondbacks vs Michael Lorenzen,,5.0,21.0,38.9,4.758,0.0,0.732,0.0,33.0,,False,WARM,,7,0.875,False
6,startool_sequential_parser,rank_player_card_block,P.J. Higgins,R,Cincinnati Reds,Andre Pallante,Cincinnati Reds vs Andre Pallante,,1.0,48.0,50.0,3.5945000000000005,0.0,0.553,,21.0,,False,COLD,,6,0.75,False
9,startool_sequential_parser,rank_player_card_block,Elly De La Cruz,,Cincinnati Reds,Kyle Leahy,Cincinnati Reds vs Kyle Leahy,,8.0,28.0,23.3,3.0,6.7,,1.5,,16.0,False,"Rakes RHP, Weak Slot, Laser",,6,0.75,False
11,startool_sequential_parser,rank_player_card_block,P.J. Higgins,R,Cincinnati Reds,Kyle Leahy,Cincinnati Reds vs Kyle Leahy,,,44.0,50.0,3.5945000000000005,0.0,0.553,,22.0,,False,COLD,,6,0.75,False
26,startool_sequential_parser,rank_player_card_block,Myles Straw,R,Pittsburgh Pirates,Patrick Corbin,Pittsburgh Pirates vs Patrick Corbin,,8.0,9.0,0.0,3.0,0.0,,0.0,,7.0,False,,,6,0.75,False
28,startool_sequential_parser,rank_player_card_block,Riley Greene,L,Detroit Tigers,Brandon Young,Detroit Tigers vs Brandon Young,,2.0,27.0,40.7,3.0,0.0,,0.0,,4.0,False,"Platoon, Weak Slot, Laser",,6,0.75,False
31,startool_sequential_parser,rank_player_card_block,Leody Taveras,,Baltimore Orioles,Framber Valdez,Baltimore Orioles vs Framber Valdez,,9.0,12.0,10.0,3.0,0.0,,0.0,,7.0,False,Weak Slot,,6,0.75,False
41,startool_sequential_parser,rank_player_card_block,Rafael Devers,L,San Francisco Giants,Bryan Hudson,San Francisco Giants vs Bryan Hudson,,1.0,38.0,13.2,13.0,28.6,,6.5,,-9.0,False,"Weak Slot, Laser",,6,0.75,False
58,startool_sequential_parser,rank_player_card_block,Mike Yastrzemski,L,Atlanta Braves,Jake Irvin,Atlanta Braves vs Jake Irvin,,1.0,24.0,22.7,15.4,30.0,,7.7,,-14.0,False,Platoon,,6,0.75,False
60,startool_sequential_parser,rank_player_card_block,Marcus Semien,R,Atlanta Braves,Jake Irvin,Atlanta Braves vs Jake Irvin,,3.0,20.0,29.0,3.2,,,1.6,,-47.0,False,Rakes RHP,,5,0.625,False
7,startool_sequential_parser,rank_player_card_block,Jordan Walker,R,St. Louis Cardinals,Chase Petty,St. Louis Cardinals vs Chase Petty,,2.0,34.0,14.3,,25.0,,,,54.0,False,"Weak Slot, Laser",,4,0.5,False
43,startool_sequential_parser,rank_player_card_block,J.P. Crawford,L,Seattle Mariners,Stephen Kolek,Seattle Mariners vs Stephen Kolek,,4.0,12.0,24.0,,42.9,,,,4.0,False,"Platoon, Rakes RHP, Weak Slot",,4,0.5,False
68,startool_sequential_parser,rank_player_card_block,Luis Rengifo,,Milwaukee Brewers,Roki Sasaki,Milwaukee Brewers vs Roki Sasaki,,7.0,21.0,22.6,,0.0,,,,6.0,False,,,4,0.5,False
70,startool_sequential_parser,rank_player_card_block,Tyler Soderstrom,L,Athletics,Lucas Giolito,Athletics vs Lucas Giolito,,6.0,23.0,11.9,,6.3,,,,8.0,False,Platoon,,4,0.5,False
75,startool_sequential_parser,rank_player_card_block,Ezequiel Duran,R,Texas Rangers,Walbert Ureña,Texas Rangers vs Walbert Ureña,,5.0,14.0,12.6,,25.0,,,,42.0,False,,,4,0.5,False
2,startool_sequential_parser,rank_player_card_block,Nolan Gorman,L,St. Louis Cardinals,Chris Paddack,St. Louis Cardinals vs Chris Paddack,,4.0,34.0,40.0,,,,,,19.0,False,Platoon,,3,0.375,True
15,startool_sequential_parser,rank_player_card_block,Jazz Chisholm Jr.,L,New York Yankees,Drew Rasmussen,New York Yankees vs Drew Rasmussen,,5.0,30.0,21.1,,,,,,-5.0,False,"Platoon, Weak Slot",,3,0.375,True
61,startool_sequential_parser,rank_player_card_block,Luis Torrens,R,Atlanta Braves,Jake Irvin,Atlanta Braves vs Jake Irvin,,9.0,33.0,29.7,,,,,,,False,,,2,0.25,True
66,startool_sequential_parser,rank_player_card_block,Hyeseong Kim,L,Los Angeles Dodgers,Robert Gasser,Los Angeles Dodgers vs Robert Gasser,,9.0,21.0,18.900000000000002,,,,,,,False,,,2,0.25,True
6,startool_sequential_parser,rank_player_card_block,STL,,St. Louis Cardinals,Chase Petty,St. Louis Cardinals vs Chase Petty,,,,,,,,,,,False,,,0,0.0,True
12,startool_sequential_parser,rank_player_card_block,LHB,,Cincinnati Reds,Kyle Leahy,Cincinnati Reds vs Kyle Leahy,,,,,,,,,,,False,,,0,0.0,True
17,startool_sequential_parser,rank_player_card_block,HOU,,Houston Astros,Colin Rea,Houston Astros vs Colin Rea,,,,,,,,,,,False,,,0,0.0,True
22,startool_sequential_parser,rank_player_card_block,PIT,,Pittsburgh Pirates,Patrick Corbin,Pittsburgh Pirates vs Patrick Corbin,,,,,,,,,,,False,,,0,0.0,True
27,startool_sequential_parser,rank_player_card_block,DET,,Detroit Tigers,Brandon Young,Detroit Tigers vs Brandon Young,,,,,,,,,,,False,,,0,0.0,True
33,startool_sequential_parser,rank_player_card_block,CLE,,Baltimore Orioles,Framber Valdez,Baltimore Orioles vs Framber Valdez,,,,,,,,,,,False,,,0,0.0,True
38,startool_sequential_parser,rank_player_card_block,CHW,,Chicago White Sox,Adrian Houser,Chicago White Sox vs Adrian Houser,,,,,,,,,,,False,,,0,0.0,True
43,startool_sequential_parser,rank_player_card_block,SEA,,Seattle Mariners,Stephen Kolek,Seattle Mariners vs Stephen Kolek,,,,,,,,,,,False,,,0,0.0,True
54,startool_sequential_parser,rank_player_card_block,WSH,,Washington Nationals,Grant Holmes,Washington Nationals vs Grant Holmes,,,,,,,,,,,False,,,0,0.0,True
59,startool_sequential_parser,rank_player_card_block,NYM,,Atlanta Braves,Jake Irvin,Atlanta Braves vs Jake Irvin,,,,,,,,,,,False,,,0,0.0,True
64,startool_sequential_parser,rank_player_card_block,LAD,,Los Angeles Dodgers,Robert Gasser,Los Angeles Dodgers vs Robert Gasser,,,,,,,,,,,False,,,0,0.0,True
70,startool_sequential_parser,rank_player_card_block,ATH,,Athletics,Lucas Giolito,Athletics vs Lucas Giolito,,,,,,,,,,,False,,,0,0.0,True
75,startool_sequential_parser,rank_player_card_block,TEX,,Texas Rangers,Walbert Ureña,Texas Rangers vs Walbert Ureña,,,,,,,,,,,False,,,0,0.0,True
80,startool_sequential_parser,rank_player_card_block,COL,,Colorado Rockies,Zac Gallen,Colorado Rockies vs Zac Gallen,,,,,,,,,,,False,,,0,0.0,True
